"","X","Round","Cycle","MouseID","Gender","Donor","ASD_diagnosis","OFT_Distance","OFT_velocity","OFT_LrgCntr_freq","OFT_LrgCntr_duration","OFT_LrgCntr_latency","OFT_SmlCntr_freq","OFT_SmlCntr_duration","OFT_SmlCntr_latency","OFT_Movement","MB_visible","MB_buried","MB_percentBuried","DSI_Agrsn_freq","DSI_Agrsn_duration","DSI_Social_freq","DSI_Social_duration","DSI_Groom_freq","DSI_Groom_Duration","SI_Habit_Social","SI_Habit_Cntr","SI_Habit_NonSocial","SI_Sociability_Social","SI_Sociability_Cntr","SI_Sociability_NonSocial","Unnamed..30","Unnamed..31","Unnamed..32","USV_freq","USV_Duration","DSI_USV_median","DSI_USV_StdDev","DSI_USV_Freq","DSI_USV_Duration","DSI_USV_Slbl_num","DSI_USV_Slbl_Duration","DSI_USV_Slbl_Gap_Length","DSI_USV_Slbl_Bout_freq","DSI_USV_Slbl_Bout_gap","DSI_USV_Slbl_SlblPerBout","Unnamed..45","SI_index"
"1",0,1,1,1,"Female","C1","NT",2763.6,5.08254,113,141.141,0,63,187.921,0.8008,49.2161,17,3,15,NA,NA,NA,NA,NA,NA,176.777,174.708,174.708,326.126,102.369,145.612,NA,NA,NA,NA,NA,NA,NA,NA,NA,NA,NA,NA,NA,NA,NA,NA,19.1328661248405
"2",1,1,1,2,"Female","C1","NT",2574.93,4.59349,89,103.704,16.2829,56,191.124,17.1505,47.3479,12,8,40,NA,NA,NA,NA,NA,NA,175.309,201.401,178.378,245.379,99.6997,230.631,NA,NA,NA,NA,NA,NA,NA,NA,NA,NA,NA,NA,NA,NA,NA,NA,1.54912711917817
"3",2,1,1,3,"Female","C1","NT",1600.45,2.86944,32,103.437,25.4254,9,25.1585,48.9823,33.4594,19,1,5,NA,NA,NA,NA,NA,NA,268.936,162.963,147.948,285.085,78.7454,209.476,NA,NA,NA,NA,NA,NA,NA,NA,NA,NA,NA,NA,NA,NA,NA,NA,7.64405199763021
"4",3,1,1,4,"Female","C1","NT",1698.48,3.02565,33,28.295,18.285,6,13.7471,125.192,32.3807,17,3,15,NA,NA,NA,NA,NA,NA,327.661,167.968,90.8909,324.191,89.5562,149.016,NA,NA,NA,NA,NA,NA,NA,NA,NA,NA,NA,NA,NA,NA,NA,NA,18.5093415777873
"5",4,1,1,5,"Male","C1","NT",3192.95,5.46753,85,67.9346,13.013,40,72.8729,18.7521,58.6234,18,2,10,NA,NA,NA,NA,NA,NA,217.551,162.095,146.813,257.124,111.645,162.029,NA,NA,NA,32,0.1018,NA,NA,NA,NA,NA,NA,NA,NA,NA,NA,NA,11.3437098147932
"6",5,1,1,6,"Male","C1","NT",4330.52,7.54568,130,86.6867,0.467133,54,68.7354,0.867534,67.4969,14,6,30,NA,NA,NA,NA,NA,NA,162.496,188.522,213.547,264.598,111.044,200.4,NA,NA,NA,737,9.2857,NA,NA,NA,NA,NA,NA,NA,NA,NA,NA,NA,6.9030404431847
"7",6,1,1,7,"Male","C1","NT",4046.53,7.18536,107,90.0234,10.4104,44,44.3777,10.6106,63.3381,16,4,20,NA,NA,NA,NA,NA,NA,160.427,200.934,190.724,283.417,113.447,176.51,NA,NA,NA,1014,23.3664,NA,NA,NA,NA,NA,NA,NA,NA,NA,NA,NA,11.6221704748797
"8",7,1,1,8,"Male","C1","NT",4007.3,6.94855,108,99.2993,6.74007,39,48.9156,7.14047,65.3397,18,2,10,NA,NA,NA,NA,NA,NA,200.4,212.012,166.834,251.585,103.437,216.416,NA,NA,NA,517,17.8983,NA,NA,NA,NA,NA,NA,NA,NA,NA,NA,NA,3.75736376631674
"9",8,1,1,9,"Female","C1","NT",3403.8,6.14677,66,74.7414,10.5439,26,27.6944,10.8775,57.7338,11,9,45,NA,NA,NA,NA,NA,NA,194.328,183.116,186.453,242.709,93.627,221.555,NA,NA,NA,NA,NA,NA,NA,NA,NA,NA,NA,NA,NA,NA,NA,NA,2.2782296279703
"10",20,1,1,22,"Male","A24-new","ASD",3491.77,6.09767,80,94.5612,0.2002,42,57.1238,0.4004,58.123,13,7,35,NA,NA,NA,NA,NA,NA,235.102,214.348,134.334,300.767,81.2813,205.138,NA,NA,NA,574,4.9328,NA,NA,NA,NA,NA,NA,NA,NA,NA,NA,NA,9.45128037872723
"11",21,1,1,23,"Male","A24-new","ASD",3885.93,6.63522,60,45.2452,7.07374,19,16.0828,7.47414,64.2166,15,5,25,NA,NA,NA,NA,NA,NA,198.532,183.917,171.171,247.447,91.0911,225.759,NA,NA,NA,247,2.7434,NA,NA,NA,NA,NA,NA,NA,NA,NA,NA,NA,2.29160238881164
"12",22,1,1,24,"Female","A24-new","ASD",3398.18,5.87876,106,189.523,0,30,51.0511,10.4104,52.5297,15,5,25,NA,NA,NA,NA,NA,NA,169.369,132.466,263.463,343.744,75.2753,150.751,NA,NA,NA,NA,NA,NA,NA,NA,NA,NA,NA,NA,NA,NA,NA,NA,19.5141508003114
"13",23,1,1,25,"Female","A24-new","ASD",4380.32,7.68157,115,88.7554,0,41,88.1548,0.2002,68.1085,9,11,55,NA,NA,NA,NA,NA,NA,161.762,233.967,147.08,365.966,98.2316,120.12,NA,NA,NA,NA,NA,NA,NA,NA,NA,NA,NA,NA,NA,NA,NA,NA,25.288323465395
"14",24,1,1,26,"Female","A24-new","ASD",3771.26,7.04907,77,68.7354,7.20721,27,35.5022,9.07574,57.6337,7,13,65,NA,NA,NA,NA,NA,NA,189.79,209.543,181.048,260.594,109.51,212.88,NA,NA,NA,NA,NA,NA,NA,NA,NA,NA,NA,NA,NA,NA,NA,NA,5.03871384701166
"15",25,1,1,27,"Female","A24-new","ASD",4165.67,7.56179,98,83.1498,1.93527,50,56.4565,2.13547,58.8013,14,6,30,NA,NA,NA,NA,NA,NA,199.399,237.771,150.484,258.525,80.1468,246.246,NA,NA,NA,NA,NA,NA,NA,NA,NA,NA,NA,NA,NA,NA,NA,NA,1.21629412149272
"16",26,1,1,28,"Male","A24-new","ASD",5612.4,9.70817,107,59.9266,7.60761,44,45.5122,7.80781,74.0687,6,14,70,NA,NA,NA,NA,NA,NA,239.173,150.684,187.855,254.988,67.6677,250.317,NA,NA,NA,595,5.3219,NA,NA,NA,NA,NA,NA,NA,NA,NA,NA,NA,0.462196099385515
"17",27,1,1,29,"Male","A24-new","ASD",5188.84,9.03284,141,74.7414,0.867534,52,40.5072,8.14147,70.844,11,9,45,NA,NA,NA,NA,NA,NA,145.812,163.83,260.327,197.064,129.062,239.973,NA,NA,NA,1417,19.8852,NA,NA,NA,NA,NA,NA,NA,NA,NA,NA,NA,-4.90908092449838
"18",28,1,1,30,"Female","A24-new","ASD",3169.88,5.81191,91,86.2196,0.133466,43,75.342,0,56.3723,15,5,25,NA,NA,NA,NA,NA,NA,308.108,141.942,110.244,345.812,78.6787,166.099,NA,NA,NA,NA,NA,NA,NA,NA,NA,NA,NA,NA,NA,NA,NA,NA,17.5531488872089
"19",29,1,1,31,"Female","A24-new","ASD",4026.58,7.04146,87,41.8418,17.1505,34,28.4952,17.5509,60.0756,14,6,30,NA,NA,NA,NA,NA,NA,76.4765,282.683,229.363,173.24,128.462,252.853,NA,NA,NA,NA,NA,NA,NA,NA,NA,NA,NA,NA,NA,NA,NA,NA,-9.34220932988807
"20",30,1,1,32,"Female","A24-new","ASD",3772.02,7.18583,118,100.367,7.47414,50,78.8789,7.74107,60.5872,12,8,40,NA,NA,NA,NA,NA,NA,127.728,221.622,226.693,291.758,80.8809,218.018,NA,NA,NA,NA,NA,NA,NA,NA,NA,NA,NA,NA,NA,NA,NA,NA,7.23258843099715
"21",31,1,1,33,"Female","A24-new","ASD",4891.91,9.33705,126,81.1478,10.0767,55,49.7831,10.6106,69.5952,14,6,30,NA,NA,NA,NA,NA,NA,164.298,148.482,258.392,237.905,83.0163,253.387,NA,NA,NA,NA,NA,NA,NA,NA,NA,NA,NA,NA,NA,NA,NA,NA,-1.57564137010169
"22",32,1,1,35,"Female","A24-new","ASD",4089.96,7.42706,102,78.6119,0.467133,45,74.8081,0,62.1817,15,5,25,NA,NA,NA,NA,NA,NA,234.168,181.648,126.793,251.185,70.8709,257.391,NA,NA,NA,NA,NA,NA,NA,NA,NA,NA,NA,NA,NA,NA,NA,NA,-0.610134965078963
"23",33,1,1,35,"Male","A24-new","ASD",3855.53,6.84133,115,78.345,0.867534,66,88.0214,1.33467,66.0698,7,13,65,NA,NA,NA,NA,NA,NA,256.39,175.175,154.621,225.292,116.45,245.112,NA,NA,NA,1063,47.8241,NA,NA,NA,NA,NA,NA,NA,NA,NA,NA,NA,-2.10669977296111
"24",34,1,1,36,"Female","A24-new","ASD",4495.27,8.04221,150,134.801,0,57,63.1965,0.133466,70.0545,15,5,25,NA,NA,NA,NA,NA,NA,87.5542,244.645,211.879,241.975,108.442,229.162,NA,NA,NA,NA,NA,NA,NA,NA,NA,NA,NA,NA,NA,NA,NA,NA,1.35979555840446
"25",35,1,1,37,"Female","A24-new","ASD",5124.85,9.22474,143,70.6707,4.67134,76,71.338,5.07174,72.0004,10,10,50,NA,NA,NA,NA,NA,NA,232.499,145.879,185.452,294.962,98.1648,179.847,NA,NA,NA,NA,NA,NA,NA,NA,NA,NA,NA,NA,NA,NA,NA,NA,12.1222428386993
"26",36,1,1,38,"Female","A24-new","ASD",3992.69,7.43697,131,96.4965,5.13847,65,66.9336,5.53887,62.5598,8,12,60,NA,NA,NA,NA,NA,NA,231.965,173.574,155.956,266.266,94.2276,212.88,NA,NA,NA,NA,NA,NA,NA,NA,NA,NA,NA,NA,NA,NA,NA,NA,5.57095332111715
"27",37,1,1,39,"Female","C1","NT",5171.05,9.03968,96,52.6527,17.017,33,33.033,61.1278,72.4008,8,12,60,NA,NA,NA,NA,NA,NA,144.478,163.297,256.523,313.714,77.8779,192.793,NA,NA,NA,NA,NA,NA,NA,NA,NA,NA,NA,NA,NA,NA,NA,NA,11.9367550695252
"28",38,1,1,40,"Male","C1","NT",3589.13,6.32594,78,72.7394,0,30,65.2653,31.8986,60.4804,13,7,35,NA,NA,NA,NA,NA,NA,255.455,180.18,144.011,262.796,95.2286,219.419,NA,NA,NA,106,0.3579,NA,NA,NA,NA,NA,NA,NA,NA,NA,NA,NA,4.49768256897856
"29",39,1,1,41,"Male","C1","NT",3551.97,6.21078,89,69.8699,0,36,99.4328,10.6106,59.8465,19,1,5,NA,NA,NA,NA,NA,NA,278.278,144.411,134.201,211.478,125.926,248.715,NA,NA,NA,390,17.9951,NA,NA,NA,NA,NA,NA,NA,NA,NA,NA,NA,-4.04580252198534
"30",40,1,1,42,"Male","C1","NT",5244.91,9.22476,136,99.0991,1.53487,56,88.355,7.14047,75.1557,19,1,5,NA,NA,NA,NA,NA,NA,250.25,146.613,180.247,291.158,90.7574,199.132,NA,NA,NA,1,2e-04,NA,NA,NA,NA,NA,NA,NA,NA,NA,NA,NA,9.38485386200004
"31",41,1,1,43,"Male","C1","NT",3751.19,6.3964,91,68.8689,1.4014,26,64.6647,6.40641,59.5641,13,7,35,NA,NA,NA,NA,NA,NA,229.296,189.323,143.477,185.586,144.144,213.881,NA,NA,NA,1179,15.9818,NA,NA,NA,NA,NA,NA,NA,NA,NA,NA,NA,-3.54159417423718
"32",42,1,1,44,"Male","C1","NT",2303.66,4.08524,72,101.101,31.9653,26,73.8739,94.4945,44.117,20,0,0,NA,NA,NA,NA,NA,NA,235.435,155.088,190.991,317.05,70.337,189.723,NA,NA,NA,204,1.128,NA,NA,NA,NA,NA,NA,NA,NA,NA,NA,NA,12.5625279957693
"33",43,1,1,46,"Female","A24-new","ASD",3622.66,6.57209,81,62.9296,25.4254,27,89.4895,25.8926,61.4769,18,2,10,NA,NA,NA,NA,NA,NA,93.1598,212.346,253.72,331.798,48.315,191.458,NA,NA,NA,NA,NA,NA,NA,NA,NA,NA,NA,NA,NA,NA,NA,NA,13.4102618985736
"34",44,1,1,46,"Male","A24-new","ASD",3300.87,5.63688,105,91.2246,6.27294,43,148.682,7.34067,58.4853,16,4,20,NA,NA,NA,NA,NA,NA,261.528,199.666,128.328,323.323,80.0801,173.04,NA,NA,NA,69,0.3854,NA,NA,NA,NA,NA,NA,NA,NA,NA,NA,NA,15.1384168441242
"35",45,1,1,47,"Female","A24-new","ASD",4145.2,7.64408,89,69.0691,11.4781,26,47.7811,33.6336,63.423,3,17,85,NA,NA,NA,NA,NA,NA,152.286,171.905,258.659,314.448,50.5172,192.192,NA,NA,NA,NA,NA,NA,NA,NA,NA,NA,NA,NA,NA,NA,NA,NA,12.0653718616769
"36",46,1,1,48,"Female","A24-new","ASD",3194.97,6.21775,98,77.4107,60.1268,26,27.027,60.3937,55.3492,8,12,60,NA,NA,NA,NA,NA,NA,204.805,149.416,167.1,194.928,113.58,250.45,NA,NA,NA,NA,NA,NA,NA,NA,NA,NA,NA,NA,NA,NA,NA,NA,-6.23313230559211
"37",47,1,1,49,"Female","A24-new","ASD",3884.02,7.34411,111,82.1488,11.5449,52,46.7801,18.285,60.3981,9,11,55,NA,NA,NA,NA,NA,NA,188.188,220.354,170.37,338.939,67.4675,182.249,NA,NA,NA,NA,NA,NA,NA,NA,NA,NA,NA,NA,NA,NA,NA,NA,15.0320038066878
"38",99,2,1,42,"Male","A11-old","ASD",3078.08,5.28321,58,39.306,3.03637,24,33.1331,3.43677,40.2636,8,12,60,NA,NA,NA,NA,NA,NA,169.57,249.816,154.922,257.591,74.1408,240.674,NA,NA,NA,NA,NA,NA,NA,NA,NA,NA,NA,NA,NA,NA,NA,NA,1.69759063951913
"39",100,2,1,43,"Male","A11-old","ASD",4469.81,7.4763,100,41.4081,2.66934,43,35.4688,3.13647,48.849,9,11,55,NA,NA,NA,NA,NA,NA,148.749,179.947,199.666,278.846,57.324,262.329,NA,NA,NA,NA,NA,NA,NA,NA,NA,NA,NA,NA,NA,NA,NA,NA,1.52603132073729
"40",101,2,1,44,"Male","A11-old","ASD",3793.11,6.3222,92,61.8619,1.7017,36,66.2663,2.23557,47.2531,3,17,85,NA,NA,NA,NA,NA,NA,90.2236,300.968,194.027,235.602,113.514,240.274,NA,NA,NA,NA,NA,NA,NA,NA,NA,NA,NA,NA,NA,NA,NA,NA,-0.490884179912413
"41",102,2,1,45,"Male","A11-old","ASD",3477.36,6.19451,67,39.7064,13.3467,29,87.0871,13.8138,42.0262,7,13,65,NA,NA,NA,NA,NA,NA,173.207,245.379,162.663,209.476,66.333,317.184,NA,NA,NA,598,17.16,NA,NA,NA,NA,NA,NA,NA,NA,NA,NA,NA,-10.225572475601
"42",103,2,1,47,"Male","A11-old","ASD",6070.32,10.2737,143,75.8091,1.5015,63,61.8619,1.9019,57.5043,2,18,90,NA,NA,NA,NA,NA,NA,126.059,172.272,274.274,216.083,134.835,248.248,NA,NA,NA,373,6.629,NA,NA,NA,NA,NA,NA,NA,NA,NA,NA,NA,-3.46358524414696
"43",104,2,1,48,"Male","A11-old","ASD",6416.48,10.7239,145,90.4238,13.1131,57,43.3767,13.3467,61.4636,14,6,30,NA,NA,NA,NA,NA,NA,231.131,192.459,156.957,295.195,92.5926,173.574,NA,NA,NA,NA,NA,NA,NA,NA,NA,NA,NA,NA,NA,NA,NA,NA,12.9723808528294
"44",105,2,1,49,"Male","A11-old","ASD",5863.56,9.8278,120,63.5969,2.26893,48,42.9429,2.53587,58.9501,5,15,75,NA,NA,NA,NA,NA,NA,176.009,176.977,225.926,190.09,83.2833,312.613,NA,NA,NA,338,4.193,NA,NA,NA,NA,NA,NA,NA,NA,NA,NA,NA,-12.1864202123321
"45",106,2,1,50,"Male","A11-old","ASD",5254.06,8.90383,158,109.543,2.26893,72,111.645,2.56923,55.6303,3,17,85,NA,NA,NA,NA,NA,NA,132.966,251.952,205.506,270.771,90.8575,232.666,NA,NA,NA,478,16.868,NA,NA,NA,NA,NA,NA,NA,NA,NA,NA,NA,3.78448544703706
"46",107,2,1,51,"Male","A11-old","ASD",4212.31,7.23124,107,50.2836,9.74308,33,52.5526,10.0434,50.1168,10,10,50,NA,NA,NA,NA,NA,NA,267.601,250.117,69.4027,228.762,126.66,226.66,NA,NA,NA,801,22.5,NA,NA,NA,NA,NA,NA,NA,NA,NA,NA,NA,0.230774973541024
"47",108,2,1,52,"Male","A11-old","ASD",3766.61,6.36332,63,38.4718,20.4204,20,13.9473,20.8542,44.4284,15,5,25,NA,NA,NA,NA,NA,NA,216.683,177.744,179.479,190.09,166.7,208.175,NA,NA,NA,201,2.305,NA,NA,NA,NA,NA,NA,NA,NA,NA,NA,NA,-2.270473177407
"48",109,2,1,53,"Male","A11-old","ASD",5532.44,9.27748,99,43.677,2.06873,33,21.2546,24.3911,59.3528,6,14,70,NA,NA,NA,NA,NA,NA,277.311,116.383,167,289.456,88.2549,201.201,NA,NA,NA,400,6.168,NA,NA,NA,NA,NA,NA,NA,NA,NA,NA,NA,8.99355354147602
"49",110,2,1,54,"Male","A11-old","ASD",6755.36,11.4035,145,78.8455,11.645,61,63.5969,33.1331,66.1088,6,14,70,NA,NA,NA,NA,NA,NA,227.861,167.834,177.277,216.416,187.154,173.707,NA,NA,NA,184,2.036,NA,NA,NA,NA,NA,NA,NA,NA,NA,NA,NA,5.4737864724715
"50",111,2,1,55,"Female","A11-old","ASD",5242.36,8.80534,96,54.1542,2.56923,29,61.8285,20.2536,54.9655,16,4,20,NA,NA,NA,NA,NA,NA,212.779,215.616,143.51,211.645,124.925,247.447,NA,NA,NA,NA,NA,NA,NA,NA,NA,NA,NA,NA,NA,NA,NA,NA,-3.89921845730267
"51",112,2,1,56,"Female","A11-old","ASD",6366.45,10.6576,201,113.847,0.4004,85,96.8302,0.6006,62.5667,13,7,35,NA,NA,NA,NA,NA,NA,201.268,172.873,172.306,225.125,104.238,253.053,NA,NA,NA,NA,NA,NA,NA,NA,NA,NA,NA,NA,NA,NA,NA,NA,-2.92025145447929
"52",113,2,1,57,"Female","A11-old","ASD",4398.8,7.46543,103,72.339,8.07474,36,74.4411,35.5355,53.6088,10,10,50,NA,NA,NA,NA,NA,NA,190.39,286.987,104.037,280.848,102.102,205.005,NA,NA,NA,NA,NA,NA,NA,NA,NA,NA,NA,NA,NA,NA,NA,NA,7.80513859130231
"53",114,2,1,58,"Female","A11-old","ASD",4329.66,7.44121,98,38.5052,4.5045,37,67.0003,33.5002,48.6822,9,11,55,NA,NA,NA,NA,NA,NA,223.39,202.336,157.791,212.746,113.747,258.425,NA,NA,NA,NA,NA,NA,NA,NA,NA,NA,NA,NA,NA,NA,NA,NA,-4.84739086234085
"54",115,2,1,59,"Female","A11-old","ASD",4185.98,7.12928,112,90.0901,5.13847,43,115.582,18.1849,50.9342,11,9,45,NA,NA,NA,NA,NA,NA,120.087,216.817,242.176,224.525,112.713,259.159,NA,NA,NA,NA,NA,NA,NA,NA,NA,NA,NA,NA,NA,NA,NA,NA,-3.58023006756477
"55",116,2,1,60,"Female","A11-old","ASD",3504.73,6.14502,97,99.7998,14.3477,51,61.695,15.1818,42.0207,7,13,65,NA,NA,NA,NA,NA,NA,199.132,222.122,160.06,176.944,95.5289,314.181,NA,NA,NA,NA,NA,NA,NA,NA,NA,NA,NA,NA,NA,NA,NA,NA,-13.9716976329855
"56",117,2,1,61,"Female","A11-old","ASD",4153.9,7.59053,87,57.5242,3.83717,36,31.7317,4.1041,48.0483,14,6,30,NA,NA,NA,NA,NA,NA,272.206,194.094,85.3854,284.785,168.468,126.426,NA,NA,NA,NA,NA,NA,NA,NA,NA,NA,NA,NA,NA,NA,NA,NA,19.2551998852171
"57",118,2,1,62,"Female","A11-old","ASD",4194.61,7.4598,107,79.4795,11.1111,36,92.626,11.5449,47.6368,16,4,20,NA,NA,NA,NA,NA,NA,253.053,233.6,94.4945,294.428,46.9469,241.842,NA,NA,NA,NA,NA,NA,NA,NA,NA,NA,NA,NA,NA,NA,NA,NA,4.90294068286497
"58",160,3,1,28,"Male","N5","NT",5954.47,10.0703,158,68.1014,4.2042,64,42.1421,16.6166,63.3508,16,4,20,NA,NA,NA,NA,NA,NA,190.657,233.467,144.044,307.407,97.3307,192.759,NA,NA,NA,628,21.012,NA,NA,NA,NA,NA,NA,NA,NA,NA,NA,NA,11.4609949496767
"59",161,3,1,29,"Male","N5","NT",5349.23,8.9268,115,46.2129,0.8008,47,32.666,0,55.4715,14,6,30,NA,NA,NA,NA,NA,NA,184.318,214.181,168.302,387.888,53.9873,142.142,NA,NA,NA,754,29.067,NA,NA,NA,NA,NA,NA,NA,NA,NA,NA,NA,23.1822727015452
"60",162,3,1,30,"Male","N5","NT",4195.56,7.08959,73,37.2372,0.333667,19,19.5863,0,52.6023,11,9,45,NA,NA,NA,NA,NA,NA,212.846,126.994,198.832,204.004,93.627,291.592,NA,NA,NA,938,41.932,NA,NA,NA,NA,NA,NA,NA,NA,NA,NA,NA,-8.83663306402796
"61",163,3,1,31,"Male","N5","NT",4785.65,8.12381,100,80.4137,4.07074,34,32.1655,5.40541,53.1194,17,3,15,NA,NA,NA,NA,NA,NA,165.432,146.113,248.549,249.75,136.436,194.461,NA,NA,NA,954,40.114,NA,NA,NA,NA,NA,NA,NA,NA,NA,NA,NA,6.22328127849153
"62",164,3,1,32,"Male","N5","NT",5003.37,8.44889,97,57.7911,4.5045,29,32.4992,73.1398,52.8277,13,7,35,NA,NA,NA,NA,NA,NA,174.107,222.89,166.433,229.029,53.8205,312.179,NA,NA,NA,213,2.489,NA,NA,NA,NA,NA,NA,NA,NA,NA,NA,NA,-7.68188940296523
"63",165,3,1,33,"Male","N5","NT",3502.31,5.87409,64,34.9683,56.1562,26,20.9209,56.5899,43.0796,19,1,5,NA,NA,NA,NA,NA,NA,317.484,170.938,57.1905,305.272,82.7494,189.389,NA,NA,NA,613,9.989,NA,NA,NA,NA,NA,NA,NA,NA,NA,NA,NA,11.7133754227643
"64",166,3,1,34,"Male","N5","NT",5921.96,9.87543,146,65.5989,4.97164,60,41.7751,32.0988,62.4367,15,5,25,NA,NA,NA,NA,NA,NA,269.169,146.513,143.71,291.491,57.0237,248.182,NA,NA,NA,413,5.569,NA,NA,NA,NA,NA,NA,NA,NA,NA,NA,NA,4.01252239782238
"65",167,3,1,35,"Male","N5","NT",5201.08,8.79415,159,88.3217,36.2696,66,101.535,45.4454,56.5645,18,2,10,NA,NA,NA,NA,NA,NA,205.539,192.259,181.949,310.41,52.7194,219.186,NA,NA,NA,519,22.999,NA,NA,NA,NA,NA,NA,NA,NA,NA,NA,NA,8.61260281422066
"66",196,3,1,64,"Female","N5","NT",6509.3,11.0755,194,83.717,3.13647,77,75.0083,30.5639,66.5925,12,8,40,NA,NA,NA,NA,NA,NA,264.765,168.535,156.323,263.33,176.977,113.947,NA,NA,NA,NA,NA,NA,NA,NA,NA,NA,NA,NA,NA,NA,NA,NA,19.7975227750433
"67",197,3,1,65,"Female","N5","NT",8116.88,13.7584,169,69.2025,3.6036,76,82.0153,3.8038,65.4637,16,4,20,NA,NA,NA,NA,NA,NA,201.001,180.18,189.59,320.053,104.671,150.417,NA,NA,NA,NA,NA,NA,NA,NA,NA,NA,NA,NA,NA,NA,NA,NA,18.0283546240993
"68",198,3,1,66,"Female","N5","NT",5248.76,8.79636,129,53.3534,16.8502,64,54.9883,25.1919,57.1897,18,2,10,NA,NA,NA,NA,NA,NA,256.89,199.166,99.0991,207.908,226.36,143.777,NA,NA,NA,NA,NA,NA,NA,NA,NA,NA,NA,NA,NA,NA,NA,NA,9.11767632967001
"69",199,3,1,67,"Female","N5","NT",6815.3,11.6014,172,81.0811,0.5005,69,63.6303,0.8008,61.905,16,4,20,NA,NA,NA,NA,NA,NA,213.08,177.544,172.973,302.703,94.0607,196.33,NA,NA,NA,NA,NA,NA,NA,NA,NA,NA,NA,NA,NA,NA,NA,NA,10.6579124025866
"70",200,3,1,68,"Female","N5","NT",5270.48,9.03071,125,75.1084,10.377,40,65.3654,10.7107,57.1262,19,1,5,NA,NA,NA,NA,NA,NA,141.175,226.994,159.193,282.416,89.6897,222.122,NA,NA,NA,NA,NA,NA,NA,NA,NA,NA,NA,NA,NA,NA,NA,NA,5.97516936286265
"71",201,3,1,69,"Female","N5","NT",7380.24,12.4675,147,59.1925,15.2819,64,46.046,85.986,65.6175,15,5,25,NA,NA,NA,NA,NA,NA,175.309,193.126,195.162,276.276,87.8879,223.69,NA,NA,NA,NA,NA,NA,NA,NA,NA,NA,NA,NA,NA,NA,NA,NA,5.25895760911742
"72",202,3,1,70,"Female","N5","NT",6593.69,11.1482,172,92.993,9.80981,76,52.7861,20.2536,63.599,14,6,30,NA,NA,NA,NA,NA,NA,149.416,196.897,218.952,248.415,61.7618,280.08,NA,NA,NA,NA,NA,NA,NA,NA,NA,NA,NA,NA,NA,NA,NA,NA,-2.99577101013254
"73",203,3,1,71,"Female","N5","NT",5225.76,9.03728,97,38.3717,0,27,48.1148,8.04137,52.5385,5,15,75,NA,NA,NA,NA,NA,NA,122.222,239.773,194.261,216.65,69.8365,261.762,NA,NA,NA,NA,NA,NA,NA,NA,NA,NA,NA,NA,NA,NA,NA,NA,-4.71476467981573
"74",204,3,1,72,"Female","N5","NT",4527.5,7.5534,130,89.7564,0.233566,51,44.2442,0,52.6635,18,2,10,NA,NA,NA,NA,NA,NA,108.876,241.241,202.803,222.756,144.645,191.625,NA,NA,NA,NA,NA,NA,NA,NA,NA,NA,NA,NA,NA,NA,NA,NA,3.75632570026136
"75",205,3,1,73,"Female","N5","NT",4862.16,8.20398,131,70.9042,12.6126,60,46.0461,13.1131,52.2742,3,17,85,NA,NA,NA,NA,NA,NA,149.483,258.258,150.784,269.703,120.854,162.963,NA,NA,NA,NA,NA,NA,NA,NA,NA,NA,NA,NA,NA,NA,NA,NA,12.3351499771186
"76",206,3,1,74,"Female","N5","NT",3560.52,6.26373,59,66.2996,14.7147,23,17.6176,27.3607,42.3599,11,9,45,NA,NA,NA,NA,NA,NA,276.977,193.227,101.668,346.647,63.7971,185.452,NA,NA,NA,NA,NA,NA,NA,NA,NA,NA,NA,NA,NA,NA,NA,NA,15.1470872901471
"77",207,3,1,75,"Female","N5","NT",4887.86,8.62207,145,78.1782,10.1101,48,46.5799,10.3103,51.8294,16,4,20,NA,NA,NA,NA,NA,NA,243.777,213.58,115.015,274.107,100.534,218.619,NA,NA,NA,NA,NA,NA,NA,NA,NA,NA,NA,NA,NA,NA,NA,NA,5.63071565129504
"78",566,9,3,1,"Male","C1","NT",4565.92,7.60987,101,54.7214,17.4508,42,38.7721,17.7177,53.7396,18,2,10,0,0,21,73.465,4,1.38,128.061,245.179,154.588,200.367,106.139,274.975,NA,NA,NA,NA,NA,0.00727,0.01771,140,1.0189,71,11,2991,37,158,2,NA,-7.84782325146947
"79",567,9,3,2,"Male","C1","NT",4606.63,7.68969,145,68.3684,8.67534,61,91.4248,8.97564,52.5218,19,1,5,0,0,17,22,5,12.69,227.895,168.135,105.839,214.114,95.7291,239.506,NA,NA,NA,NA,NA,0.0114,0.02203,162,1.8482,49,11,4266,18,158,3,NA,-2.7988183942507
"80",568,9,3,3,"Male","C1","NT",3706.65,6.17912,127,108.509,2.2022,40,26.9603,2.4024,44.6255,13,7,35,0,0,15,38.165,0,0,102.803,230.33,174.741,219.453,85.9193,277.144,NA,NA,NA,NA,NA,0.00978,0.01933,64,0.6262,7,26,49440,6,200,1,NA,-5.80863356000943
"81",569,9,3,4,"Male","C1","NT",4120.61,6.86768,91,71.3046,4.37104,35,51.2512,9.40941,46.9777,14,6,30,0,0,21,56.82,1,6.535,231.665,178.378,127.127,257.524,85.8859,216.617,NA,NA,NA,NA,NA,0.00448,0.00547,12,0.0538,2,7,130670,2,125893,1,NA,4.31380116885062
"82",570,9,3,5,"Male","A3-old","ASD",4502.77,7.50461,158,125.292,14.3477,65,96.7301,30.8308,53.6117,16,4,20,0,0,6,8.545,5,10.355,140.207,144.978,292.793,245.946,50.8842,251.351,NA,NA,NA,NA,NA,0.002,0.00803,123,0.246,NA,NA,NA,NA,NA,NA,NA,-0.543437824881316
"83",571,9,3,6,"Male","A3-old","ASD",4670.04,7.84403,137,74.4411,16.016,69,80.1468,16.383,51.1483,13,7,35,0,0,10,19.445,4,7.965,246.647,153.02,97.2306,290.49,62.5292,173.207,NA,NA,NA,NA,NA,0.00684,0.01223,47,0.3216,20,14,16993,12,100,2,NA,12.646512701182
"84",572,9,3,7,"Male","A3-old","ASD",4376.36,7.29758,98,85.4521,0,38,57.0237,3.1031,50.4421,14,6,30,0,0,10,39.585,3,8.43,145.913,213.413,210.911,210.644,56.3564,296.43,NA,NA,NA,NA,NA,0.00679,0.01475,379,2.5735,165,11,2135,61,158,3,NA,-8.45892315520022
"85",573,9,3,8,"Male","A3-old","ASD",3918.77,6.53528,87,57.8579,3.26994,33,36.7034,12.6126,47.8841,14,6,30,0,0,18,37.855,1,0.66,162.062,155.389,226.593,259.826,45.5456,220.087,NA,NA,NA,NA,NA,0.00976,0.02169,257,2.5103,65,13,5504,21,251,3,NA,4.14022958327863
"86",574,9,3,9,"Male","N5","NT",4115.21,6.8583,115,63.9973,20.3537,45,45.5455,22.1889,49.1492,18,2,10,2,26.885,20,68.295,3,0.85,198.832,263.163,125.626,165.399,77.8445,321.822,NA,NA,NA,NA,NA,0.01957,0.04832,347,6.7927,170,28,2023,62,158,3,NA,-16.0525716256073
"87",575,9,3,10,"Male","N5","NT",4068.36,6.79496,91,52.686,11.5115,34,37.671,11.7451,48.5932,19,1,5,0,0,12,34.295,2,6.95,115.382,210.043,254.988,264.932,84.351,197.097,NA,NA,NA,NA,NA,0.01323,0.03881,42,0.5557,10,14,14742,6,100,2,NA,7.34098941841313
"88",576,9,3,11,"Male","N5","NT",3824.41,6.37367,92,52.0854,22.1221,34,47.3807,22.3223,49.1548,16,4,20,0,0,14,46.185,0,0,134.067,294.394,151.618,261.061,54.7214,269.97,NA,NA,NA,NA,NA,0.0063,0.00956,69,0.4347,7,5,22743,2,19953,4,NA,-0.838839917066984
"89",577,9,3,12,"Male","N5","NT",4845.29,8.08088,135,80.2135,0,56,58.8255,14.1475,55.8441,19,1,5,8,21.645,35,87.865,2,6.895,152.186,271.271,134.334,248.148,80.0134,212.346,NA,NA,NA,NA,NA,0.0018,0.00517,155,0.2797,30,7,11479,19,158,2,NA,3.88734706641129
"90",578,9,3,13,"Male","A24-new","ASD",5425.18,9.05053,131,64.7314,4.5045,50,50.9843,4.97164,58.1938,12,8,40,3,16.86,18,50.275,3,7.5,203.17,152.386,167.734,218.986,126.86,238.939,NA,NA,NA,NA,NA,0.06956,0.11043,71,4.9392,35,38,7962,12,1259,3,NA,-2.17863187203145
"91",579,9,3,14,"Male","A24-new","ASD",3476.45,5.79602,95,51.5515,2.76944,44,55.0217,5.37204,45.5541,18,2,10,0,0,13,33.955,3,9.285,109.209,271.972,191.692,253.587,70.1368,220.454,NA,NA,NA,NA,NA,0.00578,0.01217,65,0.3757,11,7,32470,8,3162,1,NA,3.49473990646378
"92",580,9,3,15,"Male","A24-new","ASD",3809.97,6.35419,104,72.2055,10.8775,45,90.6907,11.2779,47.1167,13,7,35,0,0,12,24.135,5,14.06,259.326,164.698,151.518,261.862,58.3584,245.579,NA,NA,NA,NA,NA,0.006,0.01652,67,0.402,5,11,34587,4,1585,1,NA,1.60442297725253
"93",581,9,3,16,"Male","A24-new","ASD",4066.96,6.79452,108,96.0627,5.8058,40,56.5232,6.00601,46.9165,16,4,20,0,0,17,48.005,2,7.08,178.145,195.329,162.663,192.526,73.4735,280.447,NA,NA,NA,NA,NA,0.00653,0.00792,91,0.5943,18,12,20331,12,3162,2,NA,-9.29450518317113
"94",582,9,3,17,"Male","C1","NT",3323.37,5.53987,121,77.6443,2.76944,46,55.0217,3.57024,45.0234,19,1,5,0,0,9,40.395,4,6.185,200.234,260.928,133.567,277.311,78.0781,217.15,NA,NA,NA,NA,NA,0.01459,0.02973,48,0.7007,8,14,40117,7,40,1,NA,6.08349293473095
"95",583,9,3,18,"Male","C1","NT",4015.33,6.70377,78,53.4201,3.03637,30,44.0774,3.33667,50.1501,9,11,55,2,6.865,16,84.295,3,1.62,144.845,245.546,171.738,220.621,100.968,255.856,NA,NA,NA,NA,NA,0.01386,0.02529,1059,14.68,834,21,406,221,158,4,NA,-3.69745024418808
"96",584,9,3,19,"Male","C1","NT",4117.73,6.86403,122,94.3277,6.13947,39,28.4952,6.30631,49.2549,20,0,0,0,0,15,39.265,1,10.465,159.86,275.475,155.055,322.456,78.5786,185.886,NA,NA,NA,NA,NA,0.00896,0.01886,85,0.7619,25,8,12375,20,100,1,NA,13.4328857344071
"97",585,9,3,20,"Male","C1","NT",4034.71,6.76288,96,69.0023,57.6243,42,106.373,113.013,46.8972,19,1,5,0,0,16,37.99,4,5.74,98.1315,221.655,219.987,145.946,108.742,291.491,NA,NA,NA,NA,NA,0.00317,0.00566,66,0.2093,NA,NA,NA,NA,NA,NA,NA,-16.6361098855378
"98",586,9,3,21,"Male","A3-old","ASD",3395.41,5.65902,70,44.3443,3.1031,31,78.5452,3.47014,42.5346,9,11,55,0,0,20,69.25,2,11.29,126.627,230.43,217.851,311.311,84.3177,168.735,NA,NA,NA,NA,NA,0.01902,0.02184,1509,28.7119,1239,23,243,195,158,6,NA,14.8502435183295
"99",587,9,3,22,"Male","A3-old","ASD",3102.36,5.1706,125,119.019,11.5115,63,100.968,13.2799,42.4234,5,15,75,0,0,22,80.73,0,0,84.2509,230.23,160.194,157.724,82.9496,281.582,NA,NA,NA,NA,NA,0.00197,0.00327,44,0.0867,5,13,29555,4,25,1,NA,-14.0970075528219
"100",588,9,3,23,"Male","A3-old","ASD",3888.1,6.48016,82,34.7347,1.73507,24,31.8652,85.0517,47.3058,16,4,20,0,0,12,40.65,2,0.71,262.83,138.605,176.143,198.732,87.3207,294.294,NA,NA,NA,NA,NA,0.01165,0.02746,77,0.8975,16,34,17037,11,32,1,NA,-9.69137530272238
"101",589,9,3,24,"Male","A3-old","ASD",3825.27,6.43882,76,31.1979,6.10611,30,36.9369,89.5229,46.2492,13,7,35,0,0,10,33.48,0,0,131.498,209.776,198.465,158.091,82.5492,280.747,NA,NA,NA,NA,NA,0.00561,0.01092,173,0.9711,55,19,432,15,158,4,NA,-13.9750887571268
"102",590,9,3,25,"Male","N5","NT",4234.59,7.06079,122,65.5322,5.10511,35,76.977,16.4498,52.7721,20,0,0,0,0,13,27.645,2,7.55,244.378,222.689,118.685,174.675,144.645,252.286,NA,NA,NA,NA,NA,0.00544,0.01199,59,0.3211,7,24,44243,6,13,1,NA,-9.08876923185021
"103",591,9,3,26,"Male","N5","NT",6000.65,10.0469,144,93.2599,6.13947,71,79.7798,6.37304,62.3923,5,15,75,NA,NA,NA,NA,NA,NA,108.041,237.471,228.862,262.496,57.7911,216.984,NA,NA,NA,NA,NA,0.01101,0.01899,60,0.661,34,10,8608,28,20,1,NA,4.74597480603987
"104",592,9,3,27,"Male","N5","NT",6029.94,10.0555,105,48.9823,17.3507,48,61.9953,17.5843,59.7509,19,1,5,0,0,11,23.35,3,0.8,183.417,252.586,138.705,277.511,79.5462,207.207,NA,NA,NA,NA,NA,0.01002,0.0204,84,0.842,12,14,29943,11,32,1,NA,7.25205170841603
"105",593,9,3,28,"Male","N5","NT",6094.96,10.2117,150,65.4988,1.26793,58,54.0207,26.6934,62.0531,18,2,10,1,1.705,13,27.05,3,2.83,139.706,165.132,250.984,268.368,78.2115,168.135,NA,NA,NA,NA,NA,0.00928,0.01926,86,0.7986,18,9,17759,7,5012,3,NA,11.4813643892482
"106",594,9,3,29,"Male","A24-new","ASD",4360.22,7.26703,101,68.2349,5.8058,33,33.1665,61.4281,54.4459,16,4,20,0,0,19,58.565,3,12.055,104.571,145.145,330.597,276.777,70.2035,240.541,NA,NA,NA,NA,NA,0.00299,0.00488,53,0.1588,4,7,42462,3,10000,1,NA,3.50229452677076
"107",595,9,3,30,"Male","A24-new","ASD",3228.06,5.38011,65,48.1815,0,19,19.6864,36.9369,43.758,15,5,25,0,0,19,33.225,1,11.865,258.659,154.388,116.083,307.641,48.9823,210.911,NA,NA,NA,NA,NA,0.00677,0.01217,28,0.1898,8,22,46013,6,16,1,NA,9.32693346086796
"108",596,9,3,31,"Male","A24-new","ASD",4697.43,7.8308,123,103.737,6.84017,50,67.5676,7.14047,55.0742,7,13,65,0,0,25,88.26,1,6.73,137.804,209.243,240.507,272.639,70.7374,225.259,NA,NA,NA,NA,NA,0.01362,0.01846,879,11.9734,761,23,430,115,158,7,NA,4.75800264311165
"109",597,9,3,32,"Male","A24-new","ASD",4518.61,7.53604,145,69.1692,6.94027,55,55.5222,7.64097,54.4292,16,4,20,0,0,21,102.525,2,7.165,153.42,259.026,117.918,272.472,71.4047,197.698,NA,NA,NA,NA,NA,0.01626,0.04179,42,0.683,NA,NA,NA,NA,NA,NA,NA,7.95180466639726
"110",598,9,3,33,"Male","C1","NT",4213.85,7.02309,113,48.4151,13.8472,38,30.7641,15.4821,52.1882,18,2,10,0,0,22,45.96,4,2.605,249.55,192.059,133.3,207.908,118.919,265.165,NA,NA,NA,NA,NA,0.01223,0.03307,80,0.9786,12,9,27753,2,50119,6,NA,-6.05160302955358
"111",599,9,3,34,"Male","C1","NT",3593.67,5.99179,83,58.692,3.5035,29,54.3877,15.6823,47.4003,12,8,40,0,0,23,111.04,2,2.225,160.194,235.836,173.64,288.088,80.4138,203.871,NA,NA,NA,NA,NA,0.00386,0.00756,221,0.8535,97,8,1068,45,158,2,NA,8.559351490673
"112",600,9,3,35,"Male","C1","NT",2687.43,4.51749,75,44.5779,6.47314,31,68.0681,6.84017,36.3844,11,9,45,11,61.295,12,51.995,6,14.505,92.8262,151.518,310.344,325.392,33.4001,210.677,NA,NA,NA,NA,NA,0.04745,0.07175,154,7.3079,44,85,8079,28,501,2,NA,10.6996487392481
"113",601,9,3,36,"Male","C1","NT",3983.77,6.64184,139,116.216,1.13447,47,92.2923,10.5105,48.9907,16,4,20,6,18.505,27,83.535,2,10.405,107.374,193.06,246.346,264.364,68.7688,198.098,NA,NA,NA,NA,NA,0.01783,0.09162,279,4.9766,99,19,3508,29,158,3,NA,7.16448054110392
"114",602,9,3,37,"Female","C1","NT",5410.56,9.02312,136,118.185,9.34268,58,63.2966,9.54288,57.3899,9,11,55,4,13.98,20,56.52,3,2.945,211.512,254.087,112.713,262.863,61.0611,271.905,NA,NA,NA,NA,NA,0.02341,0.04568,862,20.1866,559,35,440,116,158,5,NA,-0.845413338120458
"115",603,9,3,38,"Female","C1","NT",4846.27,8.08251,125,53.5536,4.73807,53,48.9489,18.5185,54.6653,2,18,90,0,0,16,65.83,3,19.59,154.021,254.054,118.819,262.963,113.08,205.038,NA,NA,NA,NA,NA,0.02127,0.03053,689,14.6552,465,31,744,63,158,7,NA,6.18855515265992
"116",604,9,3,41,"Female","A3-old","ASD",4084.18,6.81454,123,111.211,7.74107,57,63.1965,9.80981,48.2151,10,10,50,0,0,10,22.07,0,0,145.512,230.297,201.869,265.399,89.7231,199.5,NA,NA,NA,NA,NA,0.00549,0.00813,36,0.1978,4,5,51586,3,39811,1,NA,7.08745340385762
"117",605,9,3,42,"Female","A3-old","ASD",3872.06,6.48806,91,109.376,10.5772,38,78.1114,92.7261,48.5431,15,5,25,0,0,11,14.28,5,19.255,116.149,219.987,214.615,234.134,104.705,211.311,NA,NA,NA,NA,NA,0.00247,0.00563,29,0.0719,12,6,28792,8,501,2,NA,2.56182020226964
"118",606,9,3,43,"Female","A3-old","ASD",4416.78,7.36539,126,64.1975,3.5035,42,26.3597,32.5993,52.7135,5,15,75,0,0,16,18.38,3,10.74,331.565,114.448,124.491,260.427,62.3957,234.801,NA,NA,NA,NA,NA,0.00567,0.01651,397,2.2528,121,19,2945,50,158,2,NA,2.58729312559064
"119",607,9,3,44,"Female","A3-old","ASD",4498.46,7.58005,113,63.5636,1.93527,52,111.979,2.16884,48.9546,2,18,90,0,0,8,4.69,2,11.65,169.903,311.712,80.1802,246.68,78.7454,218.118,NA,NA,NA,NA,NA,0.00942,0.01385,54,0.5088,48,25,5838,16,200,3,NA,3.0725175237415
"120",608,9,3,45,"Female","A24-new","ASD",3146.45,5.25754,88,117.784,9.57624,36,64.4645,10.5105,40.1268,13,7,35,0,0,12,13.51,4,12.105,246.446,176.577,111.378,307.241,74.1742,177.211,NA,NA,NA,NA,NA,0.00573,0.01367,137,0.7851,49,13,6660,29,158,2,NA,13.4203182152205
"121",609,9,3,46,"Female","A24-new","ASD",4195.94,7.01313,154,112.312,12.9463,57,59.6263,13.2466,49.4967,14,6,30,0,0,14,22.945,1,7.855,158.058,196.964,94.4611,365.265,47.9813,113.113,NA,NA,NA,NA,NA,0.0055,0.01227,154,0.8478,43,16,7564,26,158,2,NA,26.3548909021736
"122",610,9,3,47,"Female","A24-new","ASD",3367.88,5.61439,53,20.2202,15.9159,16,12.6793,16.3497,41.3502,3,17,85,0,0,22,35.19,3,11.035,109.843,189.523,256.523,293.193,87.2206,190.757,NA,NA,NA,NA,NA,0.01478,0.0319,634,9.3744,497,24,694,114,158,4,NA,10.5833247236285
"123",611,9,3,48,"Female","A24-new","ASD",5198.9,8.6885,157,86.2529,5.9059,65,55.5222,6.17284,58.8667,14,6,30,0,0,19,21.165,4,6.81,171.371,185.986,182.983,234.768,76.1762,244.111,NA,NA,NA,NA,NA,0.01811,0.02516,985,17.8475,794,29,380,96,200,8,NA,-0.975507382867072
"124",612,9,3,49,"Female","A24-new","ASD",4545.01,7.57923,98,66.0661,6.97364,46,56.8569,7.80781,53.9343,13,7,35,0,0,15,22.15,1,7.03,229.129,175.242,171.004,279.446,37.6043,214.014,NA,NA,NA,NA,NA,0.00773,0.02185,294,2.2748,152,16,2361,57,200,3,NA,6.62991934503303
"125",613,9,3,50,"Female","A24-new","ASD",4854.5,8.14064,112,66.1328,3.77044,41,68.335,4.07074,57.6266,8,12,60,0,0,18,14.605,0,0,192.593,200.334,175.576,172.639,50.5505,256.89,NA,NA,NA,NA,NA,0.00736,0.00949,48,0.3533,31,21,6456,21,200,1,NA,-9.80737039873908
"126",614,9,3,51,"Female","A24-new","ASD",5394.26,8.99694,116,59.0924,6.60661,40,57.3907,22.8562,58.027,12,8,40,0,0,6,6.845,6,19.255,206.24,219.62,155.756,178.512,100.467,304.671,NA,NA,NA,NA,NA,0.01144,0.03189,481,5.503,135,18,2638,43,158,3,NA,-13.0549915870385
"127",615,9,3,53,"Female","C1","NT",3478.48,5.82532,114,53.1198,0.667334,39,27.9947,0,40.8141,16,4,20,0,0,12,13.315,3,11.67,170.571,229.563,174.942,247.114,114.081,216.65,NA,NA,NA,NA,NA,0.00493,0.00898,143,0.7056,95,14,3580,44,200,2,NA,3.2844291493087
"128",616,9,3,54,"Female","C1","NT",3481.26,5.8339,87,98.5319,0.633967,32,32.9329,0,42.3821,15,5,25,0,0,14,10.985,0,0,145.212,226.393,186.52,219.686,64.7314,266.033,NA,NA,NA,NA,NA,0.02076,0.05055,16,0.3323,3,22,22924,2,6310,2,NA,-4.77096839942436
"129",617,9,3,55,"Female","C1","NT",6040.96,10.0828,150,68.335,1.03437,48,91.6583,33.9006,64.7687,11,9,45,0,0,22,39.375,2,5.385,162.262,195.495,214.114,212.846,119.453,235.903,NA,NA,NA,NA,NA,0.0268,0.03284,621,16.6465,603,33,514,90,200,7,NA,-2.56903079449759
"130",618,9,3,56,"Female","C1","NT",3636.04,6.35851,133,105.839,9.34268,66,91.6583,9.84318,49.9555,7,13,65,0,0,24,46.38,8,11.025,143.677,192.993,219.686,253.854,68.9022,218.252,NA,NA,NA,NA,NA,0.0146,0.02342,851,12.4265,758,22,426,114,200,7,NA,3.77055152868212
"131",619,9,3,57,"Female","A3-old","ASD",5265.93,8.79367,136,60.06,15.6156,44,37.8378,16.0494,58.7967,17,3,15,0,0,14,12.54,3,10.185,108.775,205.572,243.677,281.181,84.5846,213.814,NA,NA,NA,NA,NA,0.01103,0.03292,151,1.6659,60,20,5724,28,158,2,NA,6.80481621026475
"132",620,9,3,58,"Female","A3-old","ASD",3721.59,6.33692,99,75.8091,0.233566,38,51.4515,0,44.1559,12,8,40,0,0,11,14.1,2,8.925,141.441,190.257,222.089,216.55,69.6363,258.458,NA,NA,NA,NA,NA,0.00445,0.0058,22,0.098,3,5,42413,2,50119,2,NA,-4.41129412557262
"133",621,9,3,59,"Female","A3-old","ASD",5925.77,10.1315,159,78.1782,0.467133,60,55.689,0.8008,61.6882,17,3,15,0,0,22,35.965,1,8.98,197.364,210.077,170.938,354.188,68.335,159.826,NA,NA,NA,NA,NA,0.00526,0.00878,85,0.4471,63,8,3424,31,158,2,NA,18.9062943810869
"134",622,9,3,60,"Female","A3-old","ASD",7197.69,11.9988,174,59.7264,1.23457,67,50.1168,1.43477,70.5238,15,5,25,0,0,14,32.07,2,8.35,138.705,242.075,170.771,250.484,69.8699,187.621,NA,NA,NA,NA,NA,0.00991,0.02062,415,4.1131,218,17,1301,50,158,4,NA,7.17442165690873
"135",623,9,3,61,"Female","N5","NT",4917.92,8.41459,133,80.2803,3.5035,48,53.0864,15.5822,54.6627,10,10,50,0,0,11,8.655,2,6.54,230.564,145.179,211.945,226.76,95.6623,223.924,NA,NA,NA,NA,NA,0.00727,0.01718,46,0.3348,19,17,12496,16,100,1,NA,0.314632869150003
"136",624,9,3,62,"Female","N5","NT",4206.87,7.08355,96,67.6677,2.63597,36,57.324,51.2513,48.6237,20,0,0,0,0,16,40.25,2,3.955,162.362,199.199,189.89,246.38,41.8752,191.758,NA,NA,NA,NA,NA,0.00567,0.00974,46,0.2612,14,8,24860,10,398,1,NA,6.23342417229275
"137",625,9,3,63,"Female","N5","NT",3011,5.01973,56,26.026,13.6136,23,22.0554,13.9806,40.1601,1,19,95,0,0,23,29.78,2,13.54,216.817,214.948,129.062,NA,NA,NA,NA,NA,NA,NA,NA,0.01485,0.03703,15,0.2228,7,31,29381,4,158,2,NA,NA
"138",626,9,3,64,"Female","N5","NT",3909.15,6.66348,102,75.6423,0.867534,42,70.704,7.57424,44.8924,15,5,25,0,0,7,3.985,8,12.72,260.527,140.674,102.536,NA,NA,NA,NA,NA,NA,NA,NA,0.00383,0.00538,64,0.2451,16,10,22297,7,12589,2,NA,NA
"139",628,9,3,69,"Female","N5","NT",3604.23,6.19978,63,48.3817,7.04037,22,17.651,7.87454,46.7304,19,1,5,0,0,10,25.435,2,7.035,264.131,225.359,81.715,263.463,72.7394,228.328,NA,NA,NA,NA,NA,0.01015,0.0277,525,5.3321,213,15,1378,67,158,3,NA,3.57214751794969
"140",629,9,3,70,"Female","N5","NT",4415.32,7.40043,147,91.2913,1.43477,63,142.676,0,50.4615,16,4,20,0,0,8,9.92,5,30.565,253.086,208.709,91.992,265.966,115.382,165.799,NA,NA,NA,NA,NA,0.00668,0.01567,21,0.1403,18,19,20660,6,1000,3,NA,11.5997128067352
"141",630,9,3,71,"Female","N5","NT",3799.05,6.34338,86,57.2906,4.97164,27,26.1929,5.13847,43.7834,19,1,5,0,0,6,4.035,3,16.045,184.618,233.133,157.357,228.061,83.2833,258.725,NA,NA,NA,NA,NA,0.01005,0.02763,54,0.5429,17,16,19639,2,63096,9,NA,-3.14963865024878
"142",631,9,3,72,"Female","N5","NT",5082.56,8.49455,135,61.3947,5.03837,55,75.5422,19.5529,56.1888,16,4,20,0,0,13,18.06,2,7.99,81.9486,216.95,250.117,205.572,68.1014,271.905,NA,NA,NA,NA,NA,0.01031,0.01737,13,0.1341,5,2,11,11,5,3,NA,-6.94619845563241
"143",632,10,3,1,"Male","C4","NT",4615.37,7.84499,128,82.9496,16.7834,57,81.2479,17.2506,54.4292,16,4,20,0,0,20,48.85,3,10,132.933,134.168,310.677,298.532,87.354,187.054,NA,NA,NA,NA,NA,0.0231,0.0265,818,18.8983,658,32,495,81,158,8,NA,11.4787081999893
"144",633,10,3,2,"Male","C4","NT",6248.69,10.6873,133,68.2683,8.74207,55,63.5969,9.14247,62.142,10,10,50,5,25.64,27,77.505,2,10.465,185.452,195.996,153.62,239.573,70.7708,201.502,NA,NA,NA,NA,NA,0.01974,0.02754,1833,36.194,1875,25,163,241,158,8,NA,4.31570594570084
"145",634,10,3,3,"Male","C4","NT",4435.45,7.50722,143,123.223,0.8008,59,68.6687,1.16783,50.2697,9,11,55,0,0,18,64.925,5,9.42,184.084,143.143,186.22,328.662,60.2269,184.184,NA,NA,NA,NA,NA,0.01105,0.02512,272,3.0072,443,19,718,108,158,4,NA,14.0859049305249
"146",635,10,3,4,"Male","C4","NT",4872.52,8.15533,118,65.2653,0.166833,41,46.7467,0,52.0102,7,13,65,0,0,31,76.515,6,13.865,296.63,118.318,135.369,272.139,68.0013,214.815,NA,NA,NA,NA,NA,0.01629,0.0201,1012,16.4909,1200,25,259,169,158,7,NA,5.88597690952329
"147",636,10,3,5,"Male","A9-old","ASD",3580.4,6.04601,102,123.557,0.967634,38,77.5108,1.16783,45.543,17,3,15,0,0,7,7.75,0,0,162.563,240.774,162.963,296.93,74.6079,201.068,NA,NA,NA,NA,NA,0.03208,0.06629,137,4.3955,13,16,19873,9,7943,1,NA,9.62473744874477
"148",637,10,3,6,"Male","A9-old","ASD",3733.72,6.28967,130,113.113,11.0777,52,72.7394,14.648,47.3113,12,8,40,0,0,20,57.385,5,9.665,176.476,289.523,114.381,269.403,88.7554,183.417,NA,NA,NA,NA,NA,0.00749,0.0203,121,0.9069,83,8,4359,39,158,2,NA,9.49450112627534
"149",638,10,3,7,"Male","A9-old","ASD",4488.96,7.49202,134,107.274,0,52,108.008,0.033366,55.0131,11,9,45,0,0,17,57.15,3,11.365,167.301,230.097,159.059,257.157,82.3824,197.531,NA,NA,NA,NA,NA,0.00735,0.01848,148,1.0889,3,5,154660,2,39811,2,NA,6.5568037863326
"150",639,10,3,8,"Male","A9-old","ASD",4905.92,8.2657,129,105.806,2.4024,54,53.8539,19.8866,55.191,10,10,50,0,0,11,25.3,2,11.455,209.843,191.191,156.29,227.694,42.9096,250.083,NA,NA,NA,NA,NA,0.00537,0.01572,168,0.9028,10,5,26651,9,32,1,NA,-2.34303869796997
"151",640,10,3,9,"Male","A17-old","ASD",2770.13,5.23559,54,52.1522,1.33467,26,43.5769,11.378,37.035,18,2,10,0,0,14,25.46,4,7.995,148.582,289.656,138.672,257.558,91.6583,211.812,NA,NA,NA,NA,NA,0.01677,0.03983,130,2.1803,47,7,6515,32,631,1,NA,4.87312780961715
"152",641,10,3,10,"Male","A17-old","ASD",2946.9,5.11991,76,58.0914,29.9299,38,56.2229,79.713,42.1898,9,11,55,0,0,8,14.475,4,13.565,165.132,213.213,191.458,288.822,77.978,201.602,NA,NA,NA,NA,NA,0.03425,0.04625,151,5.1727,12,12,24859,2,63096,6,NA,8.89230543366557
"153",642,10,3,11,"Male","A17-old","ASD",3459.66,5.79026,110,135.269,4.87154,50,68.0681,6.87354,44.7589,10,10,50,0,0,14,37.155,2,0.575,182.015,160.861,221.622,212.045,45.0117,288.488,NA,NA,NA,NA,NA,0.01109,0.01441,417,4.626,861,23,388,170,158,5,NA,-7.63615985359607
"154",643,10,3,12,"Male","A17-old","ASD",4252.27,7.14272,99,61.1612,0.2002,30,18.4518,0,51.899,12,8,40,0,0,11,40.07,1,4.89,255.289,141.708,147.481,258.292,81.0477,218.151,NA,NA,NA,NA,NA,0.00897,0.01714,101,0.906,173,5,1995,8,6310,22,NA,4.2125710735597
"155",644,10,3,13,"Male","A11-old","ASD",4115.57,6.98949,127,72.3056,3.6036,52,59.326,3.93727,53.2751,14,6,30,0,0,12,34.26,3,8.315,156.99,161.128,194.962,272.606,60.6273,228.929,NA,NA,NA,NA,NA,0.01081,0.0244,107,1.1573,22,7,15112,11,5012,2,NA,4.35433220014556
"156",645,10,3,14,"Male","A11-old","ASD",3919.7,6.78683,84,51.7851,2.56923,26,22.1889,3.13647,46.2077,7,13,65,0,0,21,29.345,3,11.395,207.508,181.648,175.375,283.75,35.1685,217.15,NA,NA,NA,NA,NA,0.01485,0.03456,108,1.6038,84,5,4111,20,3981,4,NA,6.64803353962867
"157",646,10,3,15,"Male","A11-old","ASD",4535.39,7.58176,137,84.8515,2.33567,57,89.3894,12.646,54.3261,13,7,35,0,0,15,57.33,11,18.32,98.365,158.091,302.236,255.656,53.954,226.293,NA,NA,NA,NA,NA,0.01413,0.01895,345,4.8752,456,29,727,63,158,7,NA,3.04627668072763
"158",647,10,3,16,"Male","A11-old","ASD",3895.77,6.5289,90,57.1572,5.5055,23,26.0928,16.9169,48.7767,15,5,25,5,22.805,16,72.185,5,9.2,207.774,248.949,90.7574,279.513,55.4555,212.713,NA,NA,NA,NA,NA,0.00109,0.00347,875,0.9593,89,13,4035,57,158,2,NA,6.78550096906705
"159",648,10,3,17,"Male","C4","NT",4026.93,6.82696,127,64.331,15.9826,41,38.4051,16.2162,49.7331,14,6,30,0,0,21,77.5,5,9.725,184.852,234.067,135.235,350.284,73.974,143.01,NA,NA,NA,NA,NA,0.00995,0.01387,653,6.4994,927,22,347,144,158,6,NA,21.0091750558491
"160",649,10,3,18,"Male","C4","NT",5089.01,8.54489,132,72.6727,0,55,82.8829,0.033366,58.1183,14,6,30,0,0,19,36.3,1,1.51,222.623,211.712,109.61,216.45,69.1692,267.501,NA,NA,NA,NA,NA,0.00631,0.01382,98,0.6185,18,6,17796,6,12589,3,NA,-5.27439761463454
"161",650,10,3,19,"Male","C4","NT",3737.32,6.38365,88,61.3947,2.03537,47,120.02,2.2022,41.915,18,2,10,0,0,11,20.51,4,13.005,146.813,249.95,159.526,249.716,43.1431,254.988,NA,NA,NA,NA,NA,0.01449,0.0339,95,1.3774,16,12,22185,12,200,1,NA,-0.522286330205425
"162",651,10,3,20,"Male","C4","NT",4968.51,8.29238,141,80.5806,0.2002,64,113.28,4.4044,56.7226,9,11,55,0,0,23,49.405,0,0,141.108,179.713,240.841,228.295,64.3644,266.567,NA,NA,NA,NA,NA,0.00864,0.03028,133,1.1501,9,13,43073,7,251,1,NA,-3.86693664092211
"163",652,10,3,21,"Male","A9-old","ASD",4844.17,8.15204,107,54.3543,6.23957,32,83.1498,6.43977,54.4206,15,5,25,0,0,11,19.365,3,9.835,159.76,203.303,204.638,268.235,61.9286,234.167,NA,NA,NA,NA,NA,0.00823,0.02378,280,2.3058,18,9,17810,4,15849,5,NA,3.39051198044594
"164",653,10,3,22,"Male","A9-old","ASD",3253.49,5.5449,98,69.7364,5.33867,34,51.3847,5.53887,41.6593,20,0,0,0,0,12,35.125,2,11.29,145.612,197.331,198.198,241.175,32.5325,280.848,NA,NA,NA,NA,NA,0.01303,0.03247,335,4.3651,42,6,7670,8,10000,5,NA,-3.79992835564717
"165",654,10,3,23,"Male","A9-old","ASD",4991.98,8.36602,127,61.1278,1.76844,47,72.2055,1.93527,55.1323,17,3,15,0,0,13,29.25,1,9.2,175.876,204.671,166.233,261.128,56.5232,225.058,NA,NA,NA,NA,NA,0.0134,0.02981,185,2.4797,61,7,5863,3,31623,20,NA,3.70948567009334
"166",655,10,3,24,"Male","A9-old","ASD",3759,6.27791,99,97.3307,19.4862,29,57.5242,19.8198,47.3476,13,7,35,6,40.985,14,50.495,0,0,120.687,210.077,218.018,156.523,87.8545,293.961,NA,NA,NA,NA,NA,0.07662,0.08276,331,2.3753,64,36,5028,10,6310,6,NA,-15.2544818461921
"167",656,10,3,25,"Male","A17-old","ASD",5702.23,9.73099,113,75.2085,12.2789,40,25.2252,12.6793,57.5845,5,15,75,0,0,12,30.265,3,10.435,125.526,247.114,196.697,309.61,77.6443,193.46,NA,NA,NA,NA,NA,0.00966,0.0253,119,1.1496,79,6,4096,15,6310,5,NA,11.5441191086727
"168",657,10,3,26,"Male","A17-old","ASD",3833.02,6.40761,101,89.5562,1.23457,49,104.738,1.5015,46.0576,3,17,85,0,0,9,6.62,4,25.135,199.533,249.149,116.383,245.946,64.8315,255.956,NA,NA,NA,NA,NA,0.00774,0.02809,116,0.8981,20,4,16779,12,2512,2,NA,-0.997206625994721
"169",658,10,3,27,"Male","A17-old","ASD",4029.89,6.84515,120,63.9973,0,52,75.5756,17.3173,51.0954,8,12,60,0,0,16,36.44,2,6.145,157.457,186.42,194.661,275.108,46.0794,217.351,NA,NA,NA,NA,NA,0.00858,0.01863,215,1.848,17,5,21057,2,63096,9,NA,5.86414300479836
"170",659,10,3,28,"Male","A17-old","ASD",3019.04,5.15324,103,90.2569,4.37104,41,72.8061,4.67134,39.9911,10,10,50,0,0,20,62.885,1,7.415,258.325,125.526,158.492,313.647,38.2716,174.541,NA,NA,NA,NA,NA,0.00691,0.02032,34,0.2351,10,7,34493,6,316,2,NA,14.2471752685441
"171",660,10,3,29,"Male","A11-old","ASD",4192.12,7.10984,101,62.2956,0.266933,32,37.2706,4.9049,51.5347,5,15,75,0,0,34,102.71,1,8.675,223.991,156.757,189.356,264.998,69.4695,246.413,NA,NA,NA,NA,NA,0.00296,0.00464,511,1.5135,686,12,452,67,501,10,NA,1.81703170248587
"172",661,10,3,30,"Male","A11-old","ASD",4378.87,7.44636,137,90.991,6.47314,51,42.7761,7.10711,50.1057,9,11,55,0,0,8,14.09,3,6.975,143.477,145.679,243.31,280.647,101.668,174.274,NA,NA,NA,NA,NA,0.01467,0.03521,119,1.7465,NA,NA,NA,NA,NA,NA,NA,11.6913705896189
"173",662,10,3,31,"Male","A11-old","ASD",3837.32,6.41337,108,76.8101,1.53487,54,79.7798,2.002,48.7155,16,4,20,0,0,10,38.28,3,2.28,143.911,162.462,243.777,271.305,68.8355,198.332,NA,NA,NA,NA,NA,0.00509,0.0076,45,0.2294,31,6,10650,20,158,2,NA,7.76908548517259
"174",663,10,3,32,"Male","A11-old","ASD",2818.57,4.93702,40,17.8178,31.9653,15,22.7561,128.428,38.8679,19,1,5,0,0,15,20.035,1,5.045,79.4795,112.679,345.279,196.33,51.4848,282.516,NA,NA,NA,NA,NA,0.00361,0.00712,37,0.1338,NA,NA,NA,NA,NA,NA,NA,-8.99934425681743
"175",664,10,3,33,"Female","C4","NT",5317.25,8.97791,119,67.6677,0.567233,44,40.9409,0.734067,55.8639,7,13,65,0,0,16,15.73,4,14.47,116.383,183.617,266.033,252.553,53.4534,215.315,NA,NA,NA,NA,NA,0.00536,0.01196,89,0.4778,3,5,107906,2,50119,2,NA,3.97954123812699
"176",665,10,3,34,"Female","C4","NT",4439.84,7.48253,125,122.289,1.33467,44,29.7631,1.83517,49.4689,5,15,75,0,0,13,28.815,3,9.715,99.0991,187.321,228.028,258.859,61.5616,222.856,NA,NA,NA,NA,NA,0.00363,0.00776,170,0.6185,117,12,2937,50,158,2,NA,3.73696065100734
"177",666,10,3,35,"Female","C4","NT",4974.22,8.42008,138,82.7161,7.50751,63,147.014,7.67434,58.0771,19,1,5,0,0,11,15.11,3,6.04,102.836,179.98,293.46,235.002,79.0457,218.986,NA,NA,NA,NA,NA,0.0062,0.01302,77,0.4778,42,5,3170,26,501,2,NA,1.76392327550508
"178",667,10,3,36,"Female","C4","NT",5331.41,8.9559,150,81.348,1.9019,61,54.5546,17.3507,57.1262,19,1,5,0,0,12,11.89,2,6.01,175.242,174.141,197.331,248.182,80.4137,189.756,NA,NA,NA,NA,NA,0.00805,0.01537,71,0.5721,53,15,4601,8,10000,7,NA,6.67057894039796
"179",668,10,3,37,"Female","A9-old","ASD",3790.72,6.66557,100,88.9556,26.4264,35,45.3453,26.6266,46.3716,5,15,75,0,0,13,26.135,7,9.285,184.484,229.63,126.994,259.059,93.627,190.691,NA,NA,NA,NA,NA,0.00774,0.01748,311,2.409,108,12,2858,48,158,2,NA,7.60066703724291
"180",669,10,3,38,"Female","A9-old","ASD",3761.3,6.45256,91,63.1298,1.7017,30,36.4364,14.7481,46.1213,9,11,55,0,0,10,21.25,5,9.25,218.852,144.978,102.87,290.324,64.0641,155.222,NA,NA,NA,NA,NA,NA,NA,NA,NA,NA,NA,NA,NA,NA,NA,NA,15.1613974763548
"181",670,10,3,39,"Female","A9-old","ASD",3662.99,6.21735,131,85.0851,6.17284,35,51.3514,6.97364,45.5931,6,14,70,0,0,7,13.815,3,11.04,185.219,190.29,154.321,277.644,73.4067,188.322,NA,NA,NA,NA,NA,0.00326,0.00653,67,0.219,10,4,31708,9,13,1,NA,9.58460488533498
"182",671,10,3,40,"Female","A9-old","ASD",4409.74,7.52362,116,77.6777,3.06974,45,42.4758,6.57324,52.9055,3,17,85,0,0,14,25.95,4,7.25,171.839,158.325,203.704,259.493,48.6153,184.618,NA,NA,NA,NA,NA,0.00269,0.00648,267,0.7205,119,14,2954,37,200,3,NA,8.42976192888715
"183",672,10,3,41,"Female","A17-old","ASD",4301.15,7.36055,103,74.975,10.7774,39,69.0023,10.9776,50.5783,19,1,5,0,0,8,4.915,2,6.84,179.313,181.181,189.022,229.396,83.9506,249.116,NA,NA,NA,NA,NA,0.00726,0.01489,139,1.0091,6,5,53988,4,1000,2,NA,-2.06055438526097
"184",673,10,3,42,"Female","A17-old","ASD",5347.2,9.13606,100,60.6273,0,38,33.3,0.133466,58.9468,10,10,50,0,0,13,27.85,1,7.11,213.947,142.876,159.96,242.009,67.4341,216.383,NA,NA,NA,NA,NA,0.00822,0.01572,102,0.8393,23,15,14732,5,19953,5,NA,2.79520585001484
"185",674,10,3,43,"Female","A17-old","ASD",3959.21,6.88269,135,79.8799,3.43677,55,64.1975,9.30931,49.127,8,12,60,0,0,5,4.94,3,2.775,189.022,134.735,148.215,240.107,43.2099,247.381,NA,NA,NA,NA,NA,0.00544,0.00847,76,0.4138,39,10,7112,21,200,2,NA,-0.746069646842585
"186",675,10,3,44,"Female","A17-old","ASD",5640.62,9.54865,155,84.5846,0.7007,65,70.8375,0,60.2369,16,4,20,0,0,13,16.06,3,6.48,151.652,146.513,163.63,218.752,65.8325,201.635,NA,NA,NA,NA,NA,0.00965,0.02247,142,1.3705,22,12,14728,13,158,2,NA,2.03586219364538
"187",676,10,3,45,"Female","A11-old","ASD",3559.74,6.22654,81,63.4301,0,27,39.4394,18.4518,48.7182,11,9,45,0,0,20,16.93,6,6.765,173.44,203.804,183.383,209.142,108.909,229.496,NA,NA,NA,NA,NA,0.00773,0.01171,110,0.851,67,24,5298,16,200,4,NA,-2.32013642228899
"188",677,10,3,46,"Female","A11-old","ASD",4029.45,6.87479,101,59.4928,1.56823,36,31.4648,8.44177,48.5347,15,5,25,0,0,15,25.23,2,10.105,111.345,229.096,183.65,303.804,80.0133,179.613,NA,NA,NA,NA,NA,0.00677,0.01244,193,1.3078,154,18,2315,51,200,3,NA,12.8451212927969
"189",678,10,3,47,"Female","A11-old","ASD",4572.73,8.09,112,62.4958,4.2042,52,58.3584,4.5045,53.9454,7,13,65,0,0,5,7.34,4,8.055,190.157,164.064,139.606,244.878,74.3076,196.129,NA,NA,NA,NA,NA,0.00775,0.01143,129,1.0006,98,19,2551,20,200,5,NA,5.52700977535504
"190",679,10,3,48,"Female","A11-old","ASD",3489.4,6.09922,135,89.7564,7.30731,53,32.1655,60.4271,44.8423,12,8,40,0,0,5,6.54,3,11.92,103.203,197.364,235.736,240.941,60.7941,228.028,NA,NA,NA,NA,NA,0.00838,0.01888,154,1.2909,28,5,10107,13,5012,2,NA,1.37674345212584
"191",680,10,3,49,"Female","C4","NT",5076.61,9.11709,116,68.2015,6.57324,46,42.3423,6.87354,54.1567,13,7,35,0,0,13,12.985,3,13.815,80.2803,186.486,214.815,269.57,64.1642,231.498,NA,NA,NA,NA,NA,0.00756,0.01208,95,0.7182,15,6,18494,12,126,1,NA,3.79908515411082
"192",681,10,3,50,"Female","C4","NT",6075.75,10.7899,115,72.0387,1.53487,40,32.7995,12.5792,60.0178,7,13,65,0,0,11,23.155,0,0,209.676,207.107,95.3287,328.095,43.9773,187.421,NA,NA,NA,NA,NA,0.00729,0.01469,209,1.5246,260,16,1249,27,1000,10,NA,13.6439994102996
"193",682,10,3,51,"Female","C4","NT",5843.43,10.0061,165,77.3106,3.7037,66,72.7728,10.1101,60.9798,17,3,15,0,0,15,16.235,0,0,145.012,147.347,257.724,278.478,88.4218,183.65,NA,NA,NA,NA,NA,0.00248,0.00378,33,0.0821,15,13,23487,7,25119,2,NA,10.2599279853201
"194",683,10,3,52,"Female","C4","NT",5401.66,9.07443,166,80.7808,0,70,95.2953,25.4588,58.3774,7,13,65,0,0,20,40.76,4,14.305,215.782,171.905,161.128,273.774,60.4938,222.923,NA,NA,NA,NA,NA,0.01463,0.02394,36,0.527,21,10,16058,5,12589,4,NA,5.11891555616402
"195",684,10,3,53,"Female","A9-old","ASD",4323.23,7.41062,96,76.5432,13.5469,33,66.1328,28.5285,49.5218,15,5,25,0,0,20,40.765,1,6.81,198.031,193.427,126.426,250.884,78.3117,214.014,NA,NA,NA,NA,NA,0.00867,0.0174,119,1.032,27,10,13566,8,19953,3,NA,3.96538595562897
"196",685,10,3,54,"Female","A9-old","ASD",4641.97,7.84215,95,72.0387,10.7441,34,61.7284,10.9443,53.3975,15,5,25,0,0,15,20.775,1,4.75,71.9386,189.656,188.188,179.68,77.2439,267.568,NA,NA,NA,NA,NA,0.01103,0.01576,373,4.1145,400,19,789,76,251,5,NA,-9.82542124280042
"197",686,10,3,55,"Female","A9-old","ASD",3159.2,5.29211,71,66.0661,1.96863,32,34.4678,2.4024,40.7362,15,5,25,0,0,18,31.08,3,8.405,204.104,196.663,126.994,270.137,58.8922,221.788,NA,NA,NA,NA,NA,0.00413,0.00751,151,0.0624,100,11,3442,38,200,3,NA,4.91426538598364
"198",687,10,3,56,"Female","A9-old","ASD",5132.33,8.72121,147,66.4665,7.44077,63,87.4875,7.90791,60.1813,12,8,40,0,0,22,38.065,2,12.685,105.072,236.203,194.027,308.175,55.8892,197.397,NA,NA,NA,NA,NA,0.00547,0.01343,42,0.23,10,5,35499,8,126,1,NA,10.9557095725238
"199",688,10,3,57,"Female","A17-old","ASD",4076.95,6.89461,154,92.6927,0.333667,63,57.958,0.533867,51.8768,11,9,45,0,0,5,5.68,1,7.085,182.115,264.097,82.0153,237.905,110.077,198.332,NA,NA,NA,NA,NA,0.01519,0.03692,71,1.0786,39,9,9273,14,3981,3,NA,4.535722554483
"200",689,10,3,58,"Female","A17-old","ASD",3254.24,5.56613,105,78.6787,3.003,47,143.777,13.0464,42.8849,15,5,25,0,0,9,9.07,1,6.45,76.1428,93.0597,386.353,251.652,49.7497,222.422,NA,NA,NA,NA,NA,0.00322,0.00698,81,0.2615,20,11,16368,15,316,1,NA,3.08285204419563
"201",690,10,3,59,"Female","A17-old","ASD",3681.73,6.33927,122,89.3226,3.37004,44,47.7477,3.7037,46.3215,7,13,65,0,0,17,16.88,2,9.61,198.665,193.861,156.056,215.582,61.962,270.304,NA,NA,NA,NA,NA,0.00457,0.00695,16,0.0732,NA,NA,NA,NA,NA,NA,NA,-5.6311562794565
"202",691,10,3,60,"Female","A17-old","ASD",3527.21,6.04613,106,70.971,0.5005,39,54.0541,0.7007,42.3789,12,8,40,0,0,6,6.7,5,13.24,173.44,104.371,199.333,262.396,65.7324,185.152,NA,NA,NA,NA,NA,0.018,0.03008,39,0.7022,18,12,18590,16,16,1,NA,8.62968888253326
"203",692,10,3,61,"Female","A11-old","ASD",3890.34,6.6488,70,36.5032,21.9553,23,33.1665,64.1975,47.7395,6,14,70,0,0,23,40.245,3,9.06,176.343,195.062,175.509,415.916,57.4908,103.036,NA,NA,NA,NA,NA,0.00916,0.01792,293,2.6853,117,26,2683,39,200,3,NA,30.1453698993356
"204",693,10,3,62,"Female","A11-old","ASD",5691.27,9.59268,178,107.875,7.04037,78,126.059,7.34067,61.0799,3,17,85,0,0,14,32.43,3,9.8,257.124,186.42,95.5289,231.265,62.1622,216.283,NA,NA,NA,NA,NA,0.00785,0.02181,124,0.9741,38,6,9102,24,251,2,NA,1.67378694575778
"205",694,10,3,63,"Female","A11-old","ASD",3083.53,5.25823,87,107.407,1.63497,32,51.9519,2.002,39.9488,4,16,80,0,0,12,26.8,2,6.485,211.478,242.242,112.946,370.704,65.7324,123.757,NA,NA,NA,NA,NA,0.01272,0.01966,25,0.318,40,14,5740,25,126,2,NA,24.9713324205549
"206",695,10,3,64,"Female","A11-old","ASD",4834.91,8.20883,146,101.235,0.633967,54,60.3937,0.834167,53.2225,15,5,25,0,0,13,30.7,1,9.42,254.655,141.375,113.18,326.793,47.8145,132.766,NA,NA,NA,NA,NA,0.01097,0.03066,275,3.0183,47,7,6617,36,158,1,NA,21.1101294937103
